ndex,English,Kana,Romaji
#0001,Bulbasaur,フシギダネ,Fushigidane
#0002,Ivysaur,フシギソウ,Fushigisō
#0003,Venusaur,フシギバナ,Fushigibana
#0004,Charmander,ヒトカゲ,Hitokage
#0005,Charmeleon,リザード,Rizādo
#0006,Charizard,リザードン,Rizādon
#0007,Squirtle,ゼニガメ,Zenigame
#0008,Wartortle,カメール,Kamēru
#0009,Blastoise,カメックス,Kamekkusu
#0010,Caterpie,キャタピー,Kyatapī
#0011,Metapod,トランセル,Toranseru
#0012,Butterfree,バタフリー,Batafurī
#0013,Weedle,ビードル,Bīdoru
#0014,Kakuna,コクーン,Kokūn
#0015,Beedrill,スピアー,Supiā
#0016,Pidgey,ポッポ,Poppo
#0017,Pidgeotto,ピジョン,Pijon
#0018,Pidgeot,ピジョット,Pijotto
#0019,Rattata,コラッタ,Koratta
#0020,Raticate,ラッタ,Ratta
#0021,Spearow,オニスズメ,Onisuzume
#0022,Fearow,オニドリル,Onidoriru
#0023,Ekans,アーボ,Ābo
#0024,Arbok,アーボック,Ābokku
#0025,Pikachu,ピカチュウ,Pikachū
#0026,Raichu,ライチュウ,Raichū
#0027,Sandshrew,サンド,Sando
#0028,Sandslash,サンドパン,Sandopan
#0029,Nidoran♀,ニドラン♀,Nidoran Mesu
#0030,Nidorina,ニドリーナ,Nidorīna
#0031,Nidoqueen,ニドクイン,Nidokuin
#0032,Nidoran♂,ニドラン♂,Nidoran Osu
#0033,Nidorino,ニドリーノ,Nidorīno
#0034,Nidoking,ニドキング,Nidokingu
#0035,Clefairy,ピッピ,Pippi
#0036,Clefable,ピクシー,Pikushī
#0037,Vulpix,ロコン,Rokon
#0038,Ninetales,キュウコン,Kyūkon
#0039,Jigglypuff,プリン,Purin
#0040,Wigglytuff,プクリン,Pukurin
#0041,Zubat,ズバット,Zubatto
#0042,Golbat,ゴルバット,Gorubatto
#0043,Oddish,ナゾノクサ,Nazonokusa
#0044,Gloom,クサイハナ,Kusaihana
#0045,Vileplume,ラフレシア,Rafureshia
#0046,Paras,パラス,Parasu
#0047,Parasect,パラセクト,Parasekuto
#0048,Venonat,コンパン,Konpan
#0049,Venomoth,モルフォン,Morufon
#0050,Diglett,ディグダ,Diguda
#0051,Dugtrio,ダグトリオ,Dagutorio
#0052,Meowth,ニャース,Nyāsu
#0053,Persian,ペルシアン,Perushian
#0054,Psyduck,コダック,Kodakku
#0055,Golduck,ゴルダック,Gorudakku
#0056,Mankey,マンキー,Mankī
#0057,Primeape,オコリザル,Okorizaru
#0058,Growlithe,ガーディ,Gādi
#0059,Arcanine,ウインディ,Uindi
#0060,Poliwag,ニョロモ,Nyoromo
#0061,Poliwhirl,ニョロゾ,Nyorozo
#0062,Poliwrath,ニョロボン,Nyorobon
#0063,Abra,ケーシィ,Kēshī
#0064,Kadabra,ユンゲラー,Yungerā
#0065,Alakazam,フーディン,Fūdin
#0066,Machop,ワンリキー,Wanrikī
#0067,Machoke,ゴーリキー,Gōrikī
#0068,Machamp,カイリキー,Kairikī
#0069,Bellsprout,マダツボミ,Madatsubomi
#0070,Weepinbell,ウツドン,Utsudon
#0071,Victreebel,ウツボット,Utsubotto
#0072,Tentacool,メノクラゲ,Menokurage
#0073,Tentacruel,ドククラゲ,Dokukurage
#0074,Geodude,イシツブテ,Ishitsubute
#0075,Graveler,ゴローン,Gorōn
#0076,Golem,ゴローニャ,Gorōnya
#0077,Ponyta,ポニータ,Ponīta
#0078,Rapidash,ギャロップ,Gyaroppu
#0079,Slowpoke,ヤドン,Yadon
#0080,Slowbro,ヤドラン,Yadoran
#0081,Magnemite,コイル,Koiru
#0082,Magneton,レアコイル,Reakoiru
#0083,Farfetch'd,カモネギ,Kamonegi
#0084,Doduo,ドードー,Dōdō
#0085,Dodrio,ドードリオ,Dōdorio
#0086,Seel,パウワウ,Pauwau
#0087,Dewgong,ジュゴン,Jugon
#0088,Grimer,ベトベター,Betobetā
#0089,Muk,ベトベトン,Betobeton
#0090,Shellder,シェルダー,Sherudā
#0091,Cloyster,パルシェン,Parushen
#0092,Gastly,ゴース,Gōsu
#0093,Haunter,ゴースト,Gōsuto
#0094,Gengar,ゲンガー,Gengā
#0095,Onix,イワーク,Iwāku
#0096,Drowzee,スリープ,Surīpu
#0097,Hypno,スリーパー,Surīpā
#0098,Krabby,クラブ,Kurabu
#0099,Kingler,キングラー,Kingurā
#0100,Voltorb,ビリリダマ,Biriridama
#0101,Electrode,マルマイン,Marumain
#0102,Exeggcute,タマタマ,Tamatama
#0103,Exeggutor,ナッシー,Nasshī
#0104,Cubone,カラカラ,Karakara
#0105,Marowak,ガラガラ,Garagara
#0106,Hitmonlee,サワムラー,Sawamurā
#0107,Hitmonchan,エビワラー,Ebiwarā
#0108,Lickitung,ベロリンガ,Beroringa
#0109,Koffing,ドガース,Dogāsu
#0110,Weezing,マタドガス,Matadogasu
#0111,Rhyhorn,サイホーン,Saihōn
#0112,Rhydon,サイドン,Saidon
#0113,Chansey,ラッキー,Rakkī
#0114,Tangela,モンジャラ,Monjara
#0115,Kangaskhan,ガルーラ,Garūra
#0116,Horsea,タッツー,Tattsū
#0117,Seadra,シードラ,Shīdora
#0118,Goldeen,トサキント,Tosakinto
#0119,Seaking,アズマオウ,Azumaō
#0120,Staryu,ヒトデマン,Hitodeman
#0121,Starmie,スターミー,Sutāmī
#0122,Mr. Mime,バリヤード,Bariyādo
#0123,Scyther,ストライク,Sutoraiku
#0124,Jynx,ルージュラ,Rūjura
#0125,Electabuzz,エレブー,Erebū
#0126,Magmar,ブーバー,Būbā
#0127,Pinsir,カイロス,Kairosu
#0128,Tauros,ケンタロス,Kentarosu
#0129,Magikarp,コイキング,Koikingu
#0130,Gyarados,ギャラドス,Gyaradosu
#0131,Lapras,ラプラス,Rapurasu
#0132,Ditto,メタモン,Metamon
#0133,Eevee,イーブイ,Ībui
#0134,Vaporeon,シャワーズ,Shawāzu
#0135,Jolteon,サンダース,Sandāsu
#0136,Flareon,ブースター,Būsutā
#0137,Porygon,ポリゴン,Porigon
#0138,Omanyte,オムナイト,Omunaito
#0139,Omastar,オムスター,Omusutā
#0140,Kabuto,カブト,Kabuto
#0141,Kabutops,カブトプス,Kabutopusu
#0142,Aerodactyl,プテラ,Putera
#0143,Snorlax,カビゴン,Kabigon
#0144,Articuno,フリーザー,Furīzā
#0145,Zapdos,サンダー,Sandā
#0146,Moltres,ファイヤー,Faiyā
#0147,Dratini,ミニリュウ,Miniryū
#0148,Dragonair,ハクリュー,Hakuryū
#0149,Dragonite,カイリュー,Kairyū
#0150,Mewtwo,ミュウツー,Myūtsū
#0151,Mew,ミュウ,Myū
#0152,Chikorita,チコリータ,Chikorīta
#0153,Bayleef,ベイリーフ,Beirīfu
#0154,Meganium,メガニウム,Meganiumu
#0155,Cyndaquil,ヒノアラシ,Hinoarashi
#0156,Quilava,マグマラシ,Magumarashi
#0157,Typhlosion,バクフーン,Bakufūn
#0158,Totodile,ワニノコ,Waninoko
#0159,Croconaw,アリゲイツ,Arigeitsu
#0160,Feraligatr,オーダイル,Ōdairu
#0161,Sentret,オタチ,Otachi
#0162,Furret,オオタチ,Ōtachi
#0163,Hoothoot,ホーホー,Hōhō
#0164,Noctowl,ヨルノズク,Yorunozuku
#0165,Ledyba,レディバ,Rediba
#0166,Ledian,レディアン,Redian
#0167,Spinarak,イトマル,Itomaru
#0168,Ariados,アリアドス,Ariadosu
#0169,Crobat,クロバット,Kurobatto
#0170,Chinchou,チョンチー,Chonchī
#0171,Lanturn,ランターン,Rantān
#0172,Pichu,ピチュー,Pichū
#0173,Cleffa,ピィ,Pī
#0174,Igglybuff,ププリン,Pupurin
#0175,Togepi,トゲピー,Togepī
#0176,Togetic,トゲチック,Togechikku
#0177,Natu,ネイティ,Neiti
#0178,Xatu,ネイティオ,Neitio
#0179,Mareep,メリープ,Merīpu
#0180,Flaaffy,モココ,Mokoko
#0181,Ampharos,デンリュウ,Denryū
#0182,Bellossom,キレイハナ,Kireihana
#0183,Marill,マリル,Mariru
#0184,Azumarill,マリルリ,Mariruri
#0185,Sudowoodo,ウソッキー,Usokkī
#0186,Politoed,ニョロトノ,Nyorotono
#0187,Hoppip,ハネッコ,Hanekko
#0188,Skiploom,ポポッコ,Popokko
#0189,Jumpluff,ワタッコ,Watakko
#0190,Aipom,エイパム,Eipamu
#0191,Sunkern,ヒマナッツ,Himanattsu
#0192,Sunflora,キマワリ,Kimawari
#0193,Yanma,ヤンヤンマ,Yan'yanma
#0194,Wooper,ウパー,Upā
#0195,Quagsire,ヌオー,Nuō
#0196,Espeon,エーフィ,Ēfi
#0197,Umbreon,ブラッキー,Burakkī
#0198,Murkrow,ヤミカラス,Yamikarasu
#0199,Slowking,ヤドキング,Yadokingu
#0200,Misdreavus,ムウマ,Mūma
#0201,Unown,アンノーン,Annōn
#0202,Wobbuffet,ソーナンス,Sōnansu
#0203,Girafarig,キリンリキ,Kirinriki
#0204,Pineco,クヌギダマ,Kunugidama
#0205,Forretress,フォレトス,Foretosu
#0206,Dunsparce,ノコッチ,Nokotchi
#0207,Gligar,グライガー,Guraigā
#0208,Steelix,ハガネール,Haganēru
#0209,Snubbull,ブルー,Burū
#0210,Granbull,グランブル,Guranburu
#0211,Qwilfish,ハリーセン,Harīsen
#0212,Scizor,ハッサム,Hassamu
#0213,Shuckle,ツボツボ,Tsubotsubo
#0214,Heracross,ヘラクロス,Herakurosu
#0215,Sneasel,ニューラ,Nyūra
#0216,Teddiursa,ヒメグマ,Himeguma
#0217,Ursaring,リングマ,Ringuma
#0218,Slugma,マグマッグ,Magumaggu
#0219,Magcargo,マグカルゴ,Magukarugo
#0220,Swinub,ウリムー,Urimū
#0221,Piloswine,イノムー,Inomū
#0222,Corsola,サニーゴ,Sanīgo
#0223,Remoraid,テッポウオ,Teppouo
#0224,Octillery,オクタン,Okutan
#0225,Delibird,デリバード,Deribādo
#0226,Mantine,マンタイン,Mantain
#0227,Skarmory,エアームド,Eāmudo
#0228,Houndour,デルビル,Derubiru
#0229,Houndoom,ヘルガー,Herugā
#0230,Kingdra,キングドラ,Kingudora
#0231,Phanpy,ゴマゾウ,Gomazō
#0232,Donphan,ドンファン,Donfan
#0233,Porygon2,ポリゴン２,Porigon Tsū
#0234,Stantler,オドシシ,Odoshishi
#0235,Smeargle,ドーブル,Dōburu
#0236,Tyrogue,バルキー,Barukī
#0237,Hitmontop,カポエラー,Kapoerā
#0238,Smoochum,ムチュール,Muchūru
#0239,Elekid,エレキッド,Erekiddo
#0240,Magby,ブビィ,Bubī
#0241,Miltank,ミルタンク,Mirutanku
#0242,Blissey,ハピナス,Hapinasu
#0243,Raikou,ライコウ,Raikō
#0244,Entei,エンテイ,Entei
#0245,Suicune,スイクン,Suikun
#0246,Larvitar,ヨーギラス,Yōgirasu
#0247,Pupitar,サナギラス,Sanagirasu
#0248,Tyranitar,バンギラス,Bangirasu
#0249,Lugia,ルギア,Rugia
#0250,Ho-Oh,ホウオウ,Hōō
#0251,Celebi,セレビィ,Serebī
#0252,Treecko,キモリ,Kimori
#0253,Grovyle,ジュプトル,Juputoru
#0254,Sceptile,ジュカイン,Jukain
#0255,Torchic,アチャモ,Achamo
#0256,Combusken,ワカシャモ,Wakashamo
#0257,Blaziken,バシャーモ,Bashāmo
#0258,Mudkip,ミズゴロウ,Mizugorō
#0259,Marshtomp,ヌマクロー,Numakurō
#0260,Swampert,ラグラージ,Ragurāji
#0261,Poochyena,ポチエナ,Pochiena
#0262,Mightyena,グラエナ,Guraena
#0263,Zigzagoon,ジグザグマ,Jiguzaguma
#0264,Linoone,マッスグマ,Massuguma
#0265,Wurmple,ケムッソ,Kemusso
#0266,Silcoon,カラサリス,Karasarisu
#0267,Beautifly,アゲハント,Agehanto
#0268,Cascoon,マユルド,Mayurudo
#0269,Dustox,ドクケイル,Dokukeiru
#0270,Lotad,ハスボー,Hasubō
#0271,Lombre,ハスブレロ,Hasuburero
#0272,Ludicolo,ルンパッパ,Runpappa
#0273,Seedot,タネボー,Tanebō
#0274,Nuzleaf,コノハナ,Konohana
#0275,Shiftry,ダーテング,Dātengu
#0276,Taillow,スバメ,Subame
#0277,Swellow,オオスバメ,Ōsubame
#0278,Wingull,キャモメ,Kyamome
#0279,Pelipper,ペリッパー,Perippā
#0280,Ralts,ラルトス,Rarutosu
#0281,Kirlia,キルリア,Kiruria
#0282,Gardevoir,サーナイト,Sānaito
#0283,Surskit,アメタマ,Ametama
#0284,Masquerain,アメモース,Amemōsu
#0285,Shroomish,キノココ,Kinokoko
#0286,Breloom,キノガッサ,Kinogassa
#0287,Slakoth,ナマケロ,Namakero
#0288,Vigoroth,ヤルキモノ,Yarukimono
#0289,Slaking,ケッキング,Kekkingu
#0290,Nincada,ツチニン,Tsuchinin
#0291,Ninjask,テッカニン,Tekkanin
#0292,Shedinja,ヌケニン,Nukenin
#0293,Whismur,ゴニョニョ,Gonyonyo
#0294,Loudred,ドゴーム,Dogōmu
#0295,Exploud,バクオング,Bakuongu
#0296,Makuhita,マクノシタ,Makunoshita
#0297,Hariyama,ハリテヤマ,Hariteyama
#0298,Azurill,ルリリ,Ruriri
#0299,Nosepass,ノズパス,Nozupasu
#0300,Skitty,エネコ,Eneko
#0301,Delcatty,エネコロロ,Enekororo
#0302,Sableye,ヤミラミ,Yamirami
#0303,Mawile,クチート,Kuchīto
#0304,Aron,ココドラ,Kokodora
#0305,Lairon,コドラ,Kodora
#0306,Aggron,ボスゴドラ,Bosugodora
#0307,Meditite,アサナン,Asanan
#0308,Medicham,チャーレム,Chāremu
#0309,Electrike,ラクライ,Rakurai
#0310,Manectric,ライボルト,Raiboruto
#0311,Plusle,プラスル,Purasuru
#0312,Minun,マイナン,Mainan
#0313,Volbeat,バルビート,Barubīto
#0314,Illumise,イルミーゼ,Irumīze
#0315,Roselia,ロゼリア,Rozeria
#0316,Gulpin,ゴクリン,Gokurin
#0317,Swalot,マルノーム,Marunōmu
#0318,Carvanha,キバニア,Kibania
#0319,Sharpedo,サメハダー,Samehadā
#0320,Wailmer,ホエルコ,Hoeruko
#0321,Wailord,ホエルオー,Hoeruō
#0322,Numel,ドンメル,Donmeru
#0323,Camerupt,バクーダ,Bakūda
#0324,Torkoal,コータス,Kōtasu
#0325,Spoink,バネブー,Banebū
#0326,Grumpig,ブーピッグ,Būpiggu
#0327,Spinda,パッチール,Patchīru
#0328,Trapinch,ナックラー,Nakkurā
#0329,Vibrava,ビブラーバ,Biburāba
#0330,Flygon,フライゴン,Furaigon
#0331,Cacnea,サボネア,Sabonea
#0332,Cacturne,ノクタス,Nokutasu
#0333,Swablu,チルット,Chirutto
#0334,Altaria,チルタリス,Chirutarisu
#0335,Zangoose,ザングース,Zangūsu
#0336,Seviper,ハブネーク,Habunēku
#0337,Lunatone,ルナトーン,Runatōn
#0338,Solrock,ソルロック,Sorurokku
#0339,Barboach,ドジョッチ,Dojotchi
#0340,Whiscash,ナマズン,Namazun
#0341,Corphish,ヘイガニ,Heigani
#0342,Crawdaunt,シザリガー,Shizarigā
#0343,Baltoy,ヤジロン,Yajiron
#0344,Claydol,ネンドール,Nendōru
#0345,Lileep,リリーラ,Rirīra
#0346,Cradily,ユレイドル,Yureidoru
#0347,Anorith,アノプス,Anopusu
#0348,Armaldo,アーマルド,Āmarudo
#0349,Feebas,ヒンバス,Hinbasu
#0350,Milotic,ミロカロス,Mirokarosu
#0351,Castform,ポワルン,Powarun
#0352,Kecleon,カクレオン,Kakureon
#0353,Shuppet,カゲボウズ,Kagebōzu
#0354,Banette,ジュペッタ,Jupetta
#0355,Duskull,ヨマワル,Yomawaru
#0356,Dusclops,サマヨール,Samayōru
#0357,Tropius,トロピウス,Toropiusu
#0358,Chimecho,チリーン,Chirīn
#0359,Absol,アブソル,Abusoru
#0360,Wynaut,ソーナノ,Sōnano
#0361,Snorunt,ユキワラシ,Yukiwarashi
#0362,Glalie,オニゴーリ,Onigōri
#0363,Spheal,タマザラシ,Tamazarashi
#0364,Sealeo,トドグラー,Todogurā
#0365,Walrein,トドゼルガ,Todozeruga
#0366,Clamperl,パールル,Pāruru
#0367,Huntail,ハンテール,Hantēru
#0368,Gorebyss,サクラビス,Sakurabisu
#0369,Relicanth,ジーランス,Jīransu
#0370,Luvdisc,ラブカス,Rabukasu
#0371,Bagon,タツベイ,Tatsubei
#0372,Shelgon,コモルー,Komorū
#0373,Salamence,ボーマンダ,Bōmanda
#0374,Beldum,ダンバル,Danbaru
#0375,Metang,メタング,Metangu
#0376,Metagross,メタグロス,Metagurosu
#0377,Regirock,レジロック,Rejirokku
#0378,Regice,レジアイス,Rejiaisu
#0379,Registeel,レジスチル,Rejisuchiru
#0380,Latias,ラティアス,Ratiasu
#0381,Latios,ラティオス,Ratiosu
#0382,Kyogre,カイオーガ,Kaiōga
#0383,Groudon,グラードン,Gurādon
#0384,Rayquaza,レックウザ,Rekkūza
#0385,Jirachi,ジラーチ,Jirāchi
#0386,Deoxys,デオキシス,Deokishisu
#0387,Turtwig,ナエトル,Naetoru
#0388,Grotle,ハヤシガメ,Hayashigame
#0389,Torterra,ドダイトス,Dodaitosu
#0390,Chimchar,ヒコザル,Hikozaru
#0391,Monferno,モウカザル,Mōkazaru
#0392,Infernape,ゴウカザル,Gōkazaru
#0393,Piplup,ポッチャマ,Potchama
#0394,Prinplup,ポッタイシ,Pottaishi
#0395,Empoleon,エンペルト,Enperuto
#0396,Starly,ムックル,Mukkuru
#0397,Staravia,ムクバード,Mukubādo
#0398,Staraptor,ムクホーク,Mukuhōku
#0399,Bidoof,ビッパ,Bippa
#0400,Bibarel,ビーダル,Bīdaru
#0401,Kricketot,コロボーシ,Korobōshi
#0402,Kricketune,コロトック,Korotokku
#0403,Shinx,コリンク,Korinku
#0404,Luxio,ルクシオ,Rukushio
#0405,Luxray,レントラー,Rentorā
#0406,Budew,スボミー,Subomī
#0407,Roserade,ロズレイド,Rozureido
#0408,Cranidos,ズガイドス,Zugaidosu
#0409,Rampardos,ラムパルド,Ramuparudo
#0410,Shieldon,タテトプス,Tatetopusu
#0411,Bastiodon,トリデプス,Toridepusu
#0412,Burmy,ミノムッチ,Minomutchi
#0413,Wormadam,ミノマダム,Minomadamu
#0414,Mothim,ガーメイル,Gāmeiru
#0415,Combee,ミツハニー,Mitsuhanī
#0416,Vespiquen,ビークイン,Bīkuin
#0417,Pachirisu,パチリス,Pachirisu
#0418,Buizel,ブイゼル,Buizeru
#0419,Floatzel,フローゼル,Furōzeru
#0420,Cherubi,チェリンボ,Cherinbo
#0421,Cherrim,チェリム,Cherimu
#0422,Shellos,カラナクシ,Karanakushi
#0423,Gastrodon,トリトドン,Toritodon
#0424,Ambipom,エテボース,Etebōsu
#0425,Drifloon,フワンテ,Fuwante
#0426,Drifblim,フワライド,Fuwaraido
#0427,Buneary,ミミロル,Mimiroru
#0428,Lopunny,ミミロップ,Mimiroppu
#0429,Mismagius,ムウマージ,Mūmāji
#0430,Honchkrow,ドンカラス,Donkarasu
#0431,Glameow,ニャルマー,Nyarumā
#0432,Purugly,ブニャット,Bunyatto
#0433,Chingling,リーシャン,Rīshan
#0434,Stunky,スカンプー,Sukanpū
#0435,Skuntank,スカタンク,Sukatanku
#0436,Bronzor,ドーミラー,Dōmirā
#0437,Bronzong,ドータクン,Dōtakun
#0438,Bonsly,ウソハチ,Usohachi
#0439,Mime Jr.,マネネ,Manene
#0440,Happiny,ピンプク,Pinpuku
#0441,Chatot,ペラップ,Perappu
#0442,Spiritomb,ミカルゲ,Mikaruge
#0443,Gible,フカマル,Fukamaru
#0444,Gabite,ガバイト,Gabaito
#0445,Garchomp,ガブリアス,Gaburiasu
#0446,Munchlax,ゴンベ,Gonbe
#0447,Riolu,リオル,Rioru
#0448,Lucario,ルカリオ,Rukario
#0449,Hippopotas,ヒポポタス,Hipopotasu
#0450,Hippowdon,カバルドン,Kabarudon
#0451,Skorupi,スコルピ,Sukorupi
#0452,Drapion,ドラピオン,Dorapion
#0453,Croagunk,グレッグル,Guregguru
#0454,Toxicroak,ドクロッグ,Dokuroggu
#0455,Carnivine,マスキッパ,Masukippa
#0456,Finneon,ケイコウオ,Keiko'uo
#0457,Lumineon,ネオラント,Neoranto
#0458,Mantyke,タマンタ,Tamanta
#0459,Snover,ユキカブリ,Yukikaburi
#0460,Abomasnow,ユキノオー,Yukinoō
#0461,Weavile,マニューラ,Manyūra
#0462,Magnezone,ジバコイル,Jibakoiru
#0463,Lickilicky,ベロベルト,Beroberuto
#0464,Rhyperior,ドサイドン,Dosaidon
#0465,Tangrowth,モジャンボ,Mojanbo
#0466,Electivire,エレキブル,Erekiburu
#0467,Magmortar,ブーバーン,Būbān
#0468,Togekiss,トゲキッス,Togekissu
#0469,Yanmega,メガヤンマ,Megayanma
#0470,Leafeon,リーフィア,Rīfia
#0471,Glaceon,グレイシア,Gureishia
#0472,Gliscor,グライオン,Guraion
#0473,Mamoswine,マンムー,Manmū
#0474,Porygon-Z,ポリゴンＺ,Porigon Zetto
#0475,Gallade,エルレイド,Erureido
#0476,Probopass,ダイノーズ,Dainōzu
#0477,Dusknoir,ヨノワール,Yonowāru
#0478,Froslass,ユキメノコ,Yukimenoko
#0479,Rotom,ロトム,Rotomu
#0480,Uxie,ユクシー,Yukushī
#0481,Mesprit,エムリット,Emuritto
#0482,Azelf,アグノム,Agunomu
#0483,Dialga,ディアルガ,Diaruga
#0484,Palkia,パルキア,Parukia
#0485,Heatran,ヒードラン,Hīdoran
#0486,Regigigas,レジギガス,Rejigigasu
#0487,Giratina,ギラティナ,Giratina
#0488,Cresselia,クレセリア,Kureseria
#0489,Phione,フィオネ,Fione
#0490,Manaphy,マナフィ,Manafi
#0491,Darkrai,ダークライ,Dākurai
#0492,Shaymin,シェイミ,Sheimi
#0493,Arceus,アルセウス,Aruseusu
#0494,Victini,ビクティニ,Bikutini
#0495,Snivy,ツタージャ,Tsutāja
#0496,Servine,ジャノビー,Janobī
#0497,Serperior,ジャローダ,Jarōda
#0498,Tepig,ポカブ,Pokabu
#0499,Pignite,チャオブー,Chaobū
#0500,Emboar,エンブオー,Enbuō
#0501,Oshawott,ミジュマル,Mijumaru
#0502,Dewott,フタチマル,Futachimaru
#0503,Samurott,ダイケンキ,Daikenki
#0504,Patrat,ミネズミ,Minezumi
#0505,Watchog,ミルホッグ,Miruhoggu
#0506,Lillipup,ヨーテリー,Yōterī
#0507,Herdier,ハーデリア,Hāderia
#0508,Stoutland,ムーランド,Mūrando
#0509,Purrloin,チョロネコ,Choroneko
#0510,Liepard,レパルダス,Reparudasu
#0511,Pansage,ヤナップ,Yanappu
#0512,Simisage,ヤナッキー,Yanakkī
#0513,Pansear,バオップ,Baoppu
#0514,Simisear,バオッキー,Baokkī
#0515,Panpour,ヒヤップ,Hiyappu
#0516,Simipour,ヒヤッキー,Hiyakkī
#0517,Munna,ムンナ,Munna
#0518,Musharna,ムシャーナ,Mushāna
#0519,Pidove,マメパト,Mamepato
#0520,Tranquill,ハトーボー,Hatōbō
#0521,Unfezant,ケンホロウ,Kenhorō
#0522,Blitzle,シママ,Shimama
#0523,Zebstrika,ゼブライカ,Zeburaika
#0524,Roggenrola,ダンゴロ,Dangoro
#0525,Boldore,ガントル,Gantoru
#0526,Gigalith,ギガイアス,Gigaiasu
#0527,Woobat,コロモリ,Koromori
#0528,Swoobat,ココロモリ,Kokoromori
#0529,Drilbur,モグリュー,Moguryū
#0530,Excadrill,ドリュウズ,Doryūzu
#0531,Audino,タブンネ,Tabunne
#0532,Timburr,ドッコラー,Dokkorā
#0533,Gurdurr,ドテッコツ,Dotekkotsu
#0534,Conkeldurr,ローブシン,Rōbushin
#0535,Tympole,オタマロ,Otamaro
#0536,Palpitoad,ガマガル,Gamagaru
#0537,Seismitoad,ガマゲロゲ,Gamageroge
#0538,Throh,ナゲキ,Nageki
#0539,Sawk,ダゲキ,Dageki
#0540,Sewaddle,クルミル,Kurumiru
#0541,Swadloon,クルマユ,Kurumayu
#0542,Leavanny,ハハコモリ,Hahakomori
#0543,Venipede,フシデ,Fushide
#0544,Whirlipede,ホイーガ,Hoīga
#0545,Scolipede,ペンドラー,Pendorā
#0546,Cottonee,モンメン,Monmen
#0547,Whimsicott,エルフーン,Erufūn
#0548,Petilil,チュリネ,Churine
#0549,Lilligant,ドレディア,Doredia
#0550,Basculin,バスラオ,Basurao
#0551,Sandile,メグロコ,Meguroko
#0552,Krokorok,ワルビル,Warubiru
#0553,Krookodile,ワルビアル,Warubiaru
#0554,Darumaka,ダルマッカ,Darumakka
#0555,Darmanitan,ヒヒダルマ,Hihidaruma
#0556,Maractus,マラカッチ,Marakatchi
#0557,Dwebble,イシズマイ,Ishizumai
#0558,Crustle,イワパレス,Iwaparesu
#0559,Scraggy,ズルッグ,Zuruggu
#0560,Scrafty,ズルズキン,Zuruzukin
#0561,Sigilyph,シンボラー,Shinborā
#0562,Yamask,デスマス,Desumasu
#0563,Cofagrigus,デスカーン,Desukān
#0564,Tirtouga,プロトーガ,Purotōga
#0565,Carracosta,アバゴーラ,Abagōra
#0566,Archen,アーケン,Āken
#0567,Archeops,アーケオス,Ākeosu
#0568,Trubbish,ヤブクロン,Yabukuron
#0569,Garbodor,ダストダス,Dasutodasu
#0570,Zorua,ゾロア,Zoroa
#0571,Zoroark,ゾロアーク,Zoroāku
#0572,Minccino,チラーミィ,Chirāmī
#0573,Cinccino,チラチーノ,Chirachīno
#0574,Gothita,ゴチム,Gochimu
#0575,Gothorita,ゴチミル,Gochimiru
#0576,Gothitelle,ゴチルゼル,Gochiruzeru
#0577,Solosis,ユニラン,Yuniran
#0578,Duosion,ダブラン,Daburan
#0579,Reuniclus,ランクルス,Rankurusu
#0580,Ducklett,コアルヒー,Koaruhī
#0581,Swanna,スワンナ,Suwanna
#0582,Vanillite,バニプッチ,Baniputchi
#0583,Vanillish,バニリッチ,Baniritchi
#0584,Vanilluxe,バイバニラ,Baibanira
#0585,Deerling,シキジカ,Shikijika
#0586,Sawsbuck,メブキジカ,Mebukijika
#0587,Emolga,エモンガ,Emonga
#0588,Karrablast,カブルモ,Kaburumo
#0589,Escavalier,シュバルゴ,Shubarugo
#0590,Foongus,タマゲタケ,Tamagetake
#0591,Amoonguss,モロバレル,Morobareru
#0592,Frillish,プルリル,Pururiru
#0593,Jellicent,ブルンゲル,Burungeru
#0594,Alomomola,ママンボウ,Mamanbō
#0595,Joltik,バチュル,Bachuru
#0596,Galvantula,デンチュラ,Denchura
#0597,Ferroseed,テッシード,Tesshīdo
#0598,Ferrothorn,ナットレイ,Nattorei
#0599,Klink,ギアル,Giaru
#0600,Klang,ギギアル,Gigiaru
#0601,Klinklang,ギギギアル,Gigigiaru
#0602,Tynamo,シビシラス,Shibishirasu
#0603,Eelektrik,シビビール,Shibibīru
#0604,Eelektross,シビルドン,Shibirudon
#0605,Elgyem,リグレー,Rigurē
#0606,Beheeyem,オーベム,Ōbemu
#0607,Litwick,ヒトモシ,Hitomoshi
#0608,Lampent,ランプラー,Ranpurā
#0609,Chandelure,シャンデラ,Shandera
#0610,Axew,キバゴ,Kibago
#0611,Fraxure,オノンド,Onondo
#0612,Haxorus,オノノクス,Ononokusu
#0613,Cubchoo,クマシュン,Kumashun
#0614,Beartic,ツンベアー,Tsunbeā
#0615,Cryogonal,フリージオ,Furījio
#0616,Shelmet,チョボマキ,Chobomaki
#0617,Accelgor,アギルダー,Agirudā
#0618,Stunfisk,マッギョ,Maggyo
#0619,Mienfoo,コジョフー,Kojofū
#0620,Mienshao,コジョンド,Kojondo
#0621,Druddigon,クリムガン,Kurimugan
#0622,Golett,ゴビット,Gobitto
#0623,Golurk,ゴルーグ,Gorūgu
#0624,Pawniard,コマタナ,Komatana
#0625,Bisharp,キリキザン,Kirikizan
#0626,Bouffalant,バッフロン,Baffuron
#0627,Rufflet,ワシボン,Washibon
#0628,Braviary,ウォーグル,Wōguru
#0629,Vullaby,バルチャイ,Baruchai
#0630,Mandibuzz,バルジーナ,Barujīna
#0631,Heatmor,クイタラン,Kuitaran
#0632,Durant,アイアント,Aianto
#0633,Deino,モノズ,Monozu
#0634,Zweilous,ジヘッド,Jiheddo
#0635,Hydreigon,サザンドラ,Sazandora
#0636,Larvesta,メラルバ,Meraruba
#0637,Volcarona,ウルガモス,Urugamosu
#0638,Cobalion,コバルオン,Kobaruon
#0639,Terrakion,テラキオン,Terakion
#0640,Virizion,ビリジオン,Birijion
#0641,Tornadus,トルネロス,Torunerosu
#0642,Thundurus,ボルトロス,Borutorosu
#0643,Reshiram,レシラム,Reshiramu
#0644,Zekrom,ゼクロム,Zekuromu
#0645,Landorus,ランドロス,Randorosu
#0646,Kyurem,キュレム,Kyuremu
#0647,Keldeo,ケルディオ,Kerudio
#0648,Meloetta,メロエッタ,Meroetta
#0649,Genesect,ゲノセクト,Genosekuto
#0650,Chespin,ハリマロン,Harimaron
#0651,Quilladin,ハリボーグ,Haribōgu
#0652,Chesnaught,ブリガロン,Burigaron
#0653,Fennekin,フォッコ,Fokko
#0654,Braixen,テールナー,Tērunā
#0655,Delphox,マフォクシー,Mafokushī
#0656,Froakie,ケロマツ,Keromatsu
#0657,Frogadier,ゲコガシラ,Gekogashira
#0658,Greninja,ゲッコウガ,Gekkōga
#0659,Bunnelby,ホルビー,Horubī
#0660,Diggersby,ホルード,Horūdo
#0661,Fletchling,ヤヤコマ,Yayakoma
#0662,Fletchinder,ヒノヤコマ,Hinoyakoma
#0663,Talonflame,ファイアロー,Faiarō
#0664,Scatterbug,コフキムシ,Kofukimushi
#0665,Spewpa,コフーライ,Kofūrai
#0666,Vivillon,ビビヨン,Bibiyon
#0667,Litleo,シシコ,Shishiko
#0668,Pyroar,カエンジシ,Kaenjishi
#0669,Flabébé,フラベベ,Furabebe
#0670,Floette,フラエッテ,Furaette
#0671,Florges,フラージェス,Furājesu
#0672,Skiddo,メェークル,Mēkuru
#0673,Gogoat,ゴーゴート,Gōgōto
#0674,Pancham,ヤンチャム,Yanchamu
#0675,Pangoro,ゴロンダ,Goronda
#0676,Furfrou,トリミアン,Torimian
#0677,Espurr,ニャスパー,Nyasupā
#0678,Meowstic,ニャオニクス,Nyaonikusu
#0679,Honedge,ヒトツキ,Hitotsuki
#0680,Doublade,ニダンギル,Nidangiru
#0681,Aegislash,ギルガルド,Girugarudo
#0682,Spritzee,シュシュプ,Shushupu
#0683,Aromatisse,フレフワン,Furefuwan
#0684,Swirlix,ペロッパフ,Peroppafu
#0685,Slurpuff,ペロリーム,Perorīmu
#0686,Inkay,マーイーカ,Māīka
#0687,Malamar,カラマネロ,Karamanero
#0688,Binacle,カメテテ,Kametete
#0689,Barbaracle,ガメノデス,Gamenodesu
#0690,Skrelp,クズモー,Kuzumō
#0691,Dragalge,ドラミドロ,Doramidoro
#0692,Clauncher,ウデッポウ,Udeppō
#0693,Clawitzer,ブロスター,Burosutā
#0694,Helioptile,エリキテル,Erikiteru
#0695,Heliolisk,エレザード,Erezādo
#0696,Tyrunt,チゴラス,Chigorasu
#0697,Tyrantrum,ガチゴラス,Gachigorasu
#0698,Amaura,アマルス,Amarusu
#0699,Aurorus,アマルルガ,Amaruruga
#0700,Sylveon,ニンフィア,Ninfia
#0701,Hawlucha,ルチャブル,Ruchaburu
#0702,Dedenne,デデンネ,Dedenne
#0703,Carbink,メレシー,Mereshī
#0704,Goomy,ヌメラ,Numera
#0705,Sliggoo,ヌメイル,Numeiru
#0706,Goodra,ヌメルゴン,Numerugon
#0707,Klefki,クレッフィ,Kureffi
#0708,Phantump,ボクレー,Bokurē
#0709,Trevenant,オーロット,Ōrotto
#0710,Pumpkaboo,バケッチャ,Baketcha
#0711,Gourgeist,パンプジン,Panpujin
#0712,Bergmite,カチコール,Kachikōru
#0713,Avalugg,クレベース,Kurebēsu
#0714,Noibat,オンバット,Onbatto
#0715,Noivern,オンバーン,Onbān
#0716,Xerneas,ゼルネアス,Zeruneasu
#0717,Yveltal,イベルタル,Iberutaru
#0718,Zygarde,ジガルデ,Jigarude
#0719,Diancie,ディアンシー,Dianshī
#0720,Hoopa,フーパ,Fūpa
#0721,Volcanion,ボルケニオン,Borukenion
#0722,Rowlet,モクロー,Mokurō
#0723,Dartrix,フクスロー,Fukusurō
#0724,Decidueye,ジュナイパー,Junaipā
#0725,Litten,ニャビー,Nyabī
#0726,Torracat,ニャヒート,Nyahīto
#0727,Incineroar,ガオガエン,Gaogaen
#0728,Popplio,アシマリ,Ashimari
#0729,Brionne,オシャマリ,Oshamari
#0730,Primarina,アシレーヌ,Ashirēnu
#0731,Pikipek,ツツケラ,Tsutsukera
#0732,Trumbeak,ケララッパ,Kerarappa
#0733,Toucannon,ドデカバシ,Dodekabashi
#0734,Yungoos,ヤングース,Yangūsu
#0735,Gumshoos,デカグース,Dekagūsu
#0736,Grubbin,アゴジムシ,Agojimushi
#0737,Charjabug,デンヂムシ,Denjimushi
#0738,Vikavolt,クワガノン,Kuwaganon
#0739,Crabrawler,マケンカニ,Makenkani
#0740,Crabominable,ケケンカニ,Kekenkani
#0741,Oricorio,オドリドリ,Odoridori
#0742,Cutiefly,アブリー,Aburī
#0743,Ribombee,アブリボン,Aburibon
#0744,Rockruff,イワンコ,Iwanko
#0745,Lycanroc,ルガルガン,Rugarugan
#0746,Wishiwashi,ヨワシ,Yowashi
#0747,Mareanie,ヒドイデ,Hidoide
#0748,Toxapex,ドヒドイデ,Dohidoide
#0749,Mudbray,ドロバンコ,Dorobanko
#0750,Mudsdale,バンバドロ,Banbadoro
#0751,Dewpider,シズクモ,Shizukumo
#0752,Araquanid,オニシズクモ,Onishizukumo
#0753,Fomantis,カリキリ,Karikiri
#0754,Lurantis,ラランテス,Rarantesu
#0755,Morelull,ネマシュ,Nemashu
#0756,Shiinotic,マシェード,Mashēdo
#0757,Salandit,ヤトウモリ,Yatōmori
#0758,Salazzle,エンニュート,Ennyūto
#0759,Stufful,ヌイコグマ,Nuikoguma
#0760,Bewear,キテルグマ,Kiteruguma
#0761,Bounsweet,アマカジ,Amakaji
#0762,Steenee,アママイコ,Amamaiko
#0763,Tsareena,アマージョ,Amājo
#0764,Comfey,キュワワー,Kyuwawā
#0765,Oranguru,ヤレユータン,Yareyūtan
#0766,Passimian,ナゲツケサル,Nagetsukesaru
#0767,Wimpod,コソクムシ,Kosokumushi
#0768,Golisopod,グソクムシャ,Gusokumusha
#0769,Sandygast,スナバァ,Sunabā
#0770,Palossand,シロデスナ,Shirodesuna
#0771,Pyukumuku,ナマコブシ,Namakobushi
#0772,Type: Null,タイプ：ヌル,Taipu:Nuru
#0773,Silvally,シルヴァディ,Shiruvadi
#0774,Minior,メテノ,Meteno
#0775,Komala,ネッコアラ,Nekkoara
#0776,Turtonator,バクガメス,Bakugamesu
#0777,Togedemaru,トゲデマル,Togedemaru
#0778,Mimikyu,ミミッキュ,Mimikkyu
#0779,Bruxish,ハギギシリ,Hagigishiri
#0780,Drampa,ジジーロン,Jijīron
#0781,Dhelmise,ダダリン,Dadarin
#0782,Jangmo-o,ジャラコ,Jarako
#0783,Hakamo-o,ジャランゴ,Jarango
#0784,Kommo-o,ジャラランガ,Jararanga
#0785,Tapu Koko,カプ・コケコ,Kapu Kokeko
#0786,Tapu Lele,カプ・テテフ,Kapu Tetefu
#0787,Tapu Bulu,カプ・ブルル,Kapu Bururu
#0788,Tapu Fini,カプ・レヒレ,Kapu Rehire
#0789,Cosmog,コスモッグ,Kosumoggu
#0790,Cosmoem,コスモウム,Kosumoumu
#0791,Solgaleo,ソルガレオ,Sorugareo
#0792,Lunala,ルナアーラ,Runaāra
#0793,Nihilego,ウツロイド,Utsuroido
#0794,Buzzwole,マッシブーン,Masshibūn
#0795,Pheromosa,フェローチェ,Ferōche
#0796,Xurkitree,デンジュモク,Denjumoku
#0797,Celesteela,テッカグヤ,Tekkaguya
#0798,Kartana,カミツルギ,Kamitsurugi
#0799,Guzzlord,アクジキング,Akujikingu
#0800,Necrozma,ネクロズマ,Nekurozuma
#0801,Magearna,マギアナ,Magiana
#0802,Marshadow,マーシャドー,Māshadō
#0803,Poipole,ベベノム,Bebenomu
#0804,Naganadel,アーゴヨン,Āgoyon
#0805,Stakataka,ツンデツンデ,Tsundetsunde
#0806,Blacephalon,ズガドーン,Zugadōn
#0807,Zeraora,ゼラオラ,Zeraora
#0808,Meltan,メルタン,Merutan
#0809,Melmetal,メルメタル,Merumetaru
#0810,Grookey,サルノリ,Sarunori
#0811,Thwackey,バチンキー,Bachinkī
#0812,Rillaboom,ゴリランダー,Gorirandā
#0813,Scorbunny,ヒバニー,Hibanī
#0814,Raboot,ラビフット,Rabifutto
#0815,Cinderace,エースバーン,Ēsubān
#0816,Sobble,メッソン,Messon
#0817,Drizzile,ジメレオン,Jimereon
#0818,Inteleon,インテレオン,Intereon
#0819,Skwovet,ホシガリス,Hoshigarisu
#0820,Greedent,ヨクバリス,Yokubarisu
#0821,Rookidee,ココガラ,Kokogara
#0822,Corvisquire,アオガラス,Aogarasu
#0823,Corviknight,アーマーガア,Āmāgā
#0824,Blipbug,サッチムシ,Satchimushi
#0825,Dottler,レドームシ,Redōmushi
#0826,Orbeetle,イオルブ,Iorubu
#0827,Nickit,クスネ,Kusune
#0828,Thievul,フォクスライ,Fokusurai
#0829,Gossifleur,ヒメンカ,Himenka
#0830,Eldegoss,ワタシラガ,Watashiraga
#0831,Wooloo,ウールー,Ūrū
#0832,Dubwool,バイウールー,Baiūrū
#0833,Chewtle,カムカメ,Kamukame
#0834,Drednaw,カジリガメ,Kajirigame
#0835,Yamper,ワンパチ,Wanpachi
#0836,Boltund,パルスワン,Parusuwan
#0837,Rolycoly,タンドン,Tandon
#0838,Carkol,トロッゴン,Toroggon
#0839,Coalossal,セキタンザン,Sekitanzan
#0840,Applin,カジッチュ,Kajitchu
#0841,Flapple,アップリュー,Appuryū
#0842,Appletun,タルップル,Taruppuru
#0843,Silicobra,スナヘビ,Sunahebi
#0844,Sandaconda,サダイジャ,Sadaija
#0845,Cramorant,ウッウ,U'u
#0846,Arrokuda,サシカマス,Sashikamasu
#0847,Barraskewda,カマスジョー,Kamasujō
#0848,Toxel,エレズン,Erezun
#0849,Toxtricity,ストリンダー,Sutorindā
#0850,Sizzlipede,ヤクデ,Yakude
#0851,Centiskorch,マルヤクデ,Maruyakude
#0852,Clobbopus,タタッコ,Tatakko
#0853,Grapploct,オトスパス,Otosupasu
#0854,Sinistea,ヤバチャ,Yabacha
#0855,Polteageist,ポットデス,Pottodesu
#0856,Hatenna,ミブリム,Miburimu
#0857,Hattrem,テブリム,Teburimu
#0858,Hatterene,ブリムオン,Burimuon
#0859,Impidimp,ベロバー,Berobā
#0860,Morgrem,ギモー,Gimō
#0861,Grimmsnarl,オーロンゲ,Ōronge
#0862,Obstagoon,タチフサグマ,Tachifusaguma
#0863,Perrserker,ニャイキング,Nyaikingu
#0864,Cursola,サニゴーン,Sanigōn
#0865,Sirfetch'd,ネギガナイト,Negiganaito
#0866,Mr. Rime,バリコオル,Barikōru
#0867,Runerigus,デスバーン,Desubān
#0868,Milcery,マホミル,Mahomiru
#0869,Alcremie,マホイップ,Mahoippu
#0870,Falinks,タイレーツ,Tairētsu
#0871,Pincurchin,バチンウニ,Bachin'uni
#0872,Snom,ユキハミ,Yukihami
#0873,Frosmoth,モスノウ,Mosunō
#0874,Stonjourner,イシヘンジン,Ishihenjin
#0875,Eiscue,コオリッポ,Kōrippo
#0876,Indeedee,イエッサン,Iessan
#0877,Morpeko,モルペコ,Morupeko
#0878,Cufant,ゾウドウ,Zōdō
#0879,Copperajah,ダイオウドウ,Daiōdō
#0880,Dracozolt,パッチラゴン,Patchiragon
#0881,Arctozolt,パッチルドン,Patchirudon
#0882,Dracovish,ウオノラゴン,Uonoragon
#0883,Arctovish,ウオチルドン,Uochirudon
#0884,Duraludon,ジュラルドン,Jurarudon
#0885,Dreepy,ドラメシヤ,Dorameshiya
#0886,Drakloak,ドロンチ,Doronchi
#0887,Dragapult,ドラパルト,Doraparuto
#0888,Zacian,ザシアン,Zashian
#0889,Zamazenta,ザマゼンタ,Zamazenta
#0890,Eternatus,ムゲンダイナ,Mugendaina
#0891,Kubfu,ダクマ,Dakuma
#0892,Urshifu,ウーラオス,Ūraosu
#0893,Zarude,ザルード,Zarūdo
#0894,Regieleki,レジエレキ,Rejiereki
#0895,Regidrago,レジドラゴ,Rejidorago
#0896,Glastrier,ブリザポス,Burizaposu
#0897,Spectrier,レイスポス,Reisuposu
#0898,Calyrex,バドレックス,Badorekkusu
#0899,Wyrdeer,アヤシシ,Ayashishi
#0900,Kleavor,バサギリ,Basagiri
#0901,Ursaluna,ガチグマ,Gachiguma
#0902,Basculegion,イダイトウ,Idaitō
#0903,Sneasler,オオニューラ,Ōnyūra
#0904,Overqwil,ハリーマン,Harīman
#0905,Enamorus,ラブトロス,Rabutorosu
#0906,Sprigatito,ニャオハ,Nyaoha
#0907,Floragato,ニャローテ,Nyarōte
#0908,Meowscarada,マスカーニャ,Masukānya
#0909,Fuecoco,ホゲータ,Hogēta
#0910,Crocalor,アチゲータ,Achigēta
#0911,Skeledirge,ラウドボーン,Raudobōn
#0912,Quaxly,クワッス,Kuwassu
#0913,Quaxwell,ウェルカモ,Werukamo
#0914,Quaquaval,ウェーニバル,Wēnibaru
#0915,Lechonk,グルトン,Guruton
#0916,Oinkologne,パフュートン,Pafyūton
#0917,Tarountula,タマンチュラ,Tamanchura
#0918,Spidops,ワナイダー,Wanaidā
#0919,Nymble,マメバッタ,Mamebatta
#0920,Lokix,エクスレッグ,Ekusureggu
#0921,Pawmi,パモ,Pamo
#0922,Pawmo,パモット,Pamotto
#0923,Pawmot,パーモット,Pāmotto
#0924,Tandemaus,ワッカネズミ,Wakkanezumi
#0925,Maushold,イッカネズミ,Ikkanezumi
#0926,Fidough,パピモッチ,Papimotchi
#0927,Dachsbun,バウッツェル,Bauttseru
#0928,Smoliv,ミニーブ,Minību
#0929,Dolliv,オリーニョ,Orīnyo
#0930,Arboliva,オリーヴァ,Orīva
#0931,Squawkabilly,イキリンコ,Ikirinko
#0932,Nacli,コジオ,Kojio
#0933,Naclstack,ジオヅム,Jiodzumu
#0934,Garganacl,キョジオーン,Kyojiōn
#0935,Charcadet,カルボウ,Karubō
#0936,Armarouge,グレンアルマ,Guren'aruma
#0937,Ceruledge,ソウブレイズ,Soubureizu
#0938,Tadbulb,ズピカ,Zupika
#0939,Bellibolt,ハラバリー,Harabarī
#0940,Wattrel,カイデン,Kaiden
#0941,Kilowattrel,タイカイデン,Taikaiden
#0942,Maschiff,オラチフ,Orachifu
#0943,Mabosstiff,マフィティフ,Mafitifu
#0944,Shroodle,シルシュルー,Shirushurū
#0945,Grafaiai,タギングル,Taginguru
#0946,Bramblin,アノクサ,Anokusa
#0947,Brambleghast,アノホラグサ,Anohoragusa
#0948,Toedscool,ノノクラゲ,Nonokurage
#0949,Toedscruel,リククラゲ,Rikukurage
#0950,Klawf,ガケガニ,Gakegani
#0951,Capsakid,カプサイジ,Kapusaiji
#0952,Scovillain,スコヴィラン,Sukoviran
#0953,Rellor,シガロコ,Shigaroko
#0954,Rabsca,ベラカス,Berakasu
#0955,Flittle,ヒラヒナ,Hirahina
#0956,Espathra,クエスパトラ,Kuesupatora
#0957,Tinkatink,カヌチャン,Kanuchan
#0958,Tinkatuff,ナカヌチャン,Nakanuchan
#0959,Tinkaton,デカヌチャン,Dekanuchan
#0960,Wiglett,ウミディグダ,Umidiguda
#0961,Wugtrio,ウミトリオ,Umitorio
#0962,Bombirdier,オトシドリ,Otoshidori
#0963,Finizen,ナミイルカ,Namiiruka
#0964,Palafin,イルカマン,Irukaman
#0965,Varoom,ブロロン,Buroron
#0966,Revavroom,ブロロローム,Burororōmu
#0967,Cyclizar,モトトカゲ,Mototokage
#0968,Orthworm,ミミズズ,Mimizuzu
#0969,Glimmet,キラーメ,Kirāme
#0970,Glimmora,キラフロル,Kirafuroru
#0971,Greavard,ボチ,Bochi
#0972,Houndstone,ハカドッグ,Hakadoggu
#0973,Flamigo,カラミンゴ,Karamingo
#0974,Cetoddle,アルクジラ,Arukujira
#0975,Cetitan,ハルクジラ,Harukujira
#0976,Veluza,ミガルーサ,Migarūsa
#0977,Dondozo,ヘイラッシャ,Heirassha
#0978,Tatsugiri,シャリタツ,Sharitatsu
#0979,Annihilape,コノヨザル,Konoyozaru
#0980,Clodsire,ドオー,Do'ō
#0981,Farigiraf,リキキリン,Rikikirin
#0982,Dudunsparce,ノココッチ,Nokokotchi
#0983,Kingambit,ドドゲザン,Dodogezan
#0984,Great Tusk,イダイナキバ,Idainakiba
#0985,Scream Tail,サケブシッポ,Sakebushippo
#0986,Brute Bonnet,アラブルタケ,Araburutake
#0987,Flutter Mane,ハバタクカミ,Habatakukami
#0988,Slither Wing,チヲハウハネ,Chiohauhane
#0989,Sandy Shocks,スナノケガワ,Sunanokegawa
#0990,Iron Treads,テツノワダチ,Tetsunowadachi
#0991,Iron Bundle,テツノツツミ,Tetsunotsutsumi
#0992,Iron Hands,テツノカイナ,Tetsunokaina
#0993,Iron Jugulis,テツノコウベ,Tetsunokōbe
#0994,Iron Moth,テツノドクガ,Tetsunodokuga
#0995,Iron Thorns,テツノイバラ,Tetsunoibara
#0996,Frigibax,セビエ,Sebie
#0997,Arctibax,セゴール,Segōru
#0998,Baxcalibur,セグレイブ,Segureibu
#0999,Gimmighoul,コレクレー,Korekurē
#1000,Gholdengo,サーフゴー,Sāfugō
#1001,Wo-Chien,チオンジェン,Chionjen
#1002,Chien-Pao,パオジアン,Paojian
#1003,Ting-Lu,ディンルー,Dinrū
#1004,Chi-Yu,イーユイ,Īyui
#1005,Roaring Moon,トドロクツキ,Todorokutsuki
#1006,Iron Valiant,テツノブジン,Tetsunobujin
#1007,Koraidon,コライドン,Koraidon
#1008,Miraidon,ミライドン,Miraidon
#1009,Walking Wake,ウネルミナモ,Uneruminamo
#1010,Iron Leaves,テツノイサハ,Tetsunoisaha
#1011,Dipplin,カミッチュ,Kamitchu
#1012,Poltchageist,チャデス,Chadesu
#1013,Sinistcha,ヤバソチャ,Yabasocha
#1014,Okidogi,イイネイヌ,Iineinu
#1015,Munkidori,マシマシラ,Mashimashira
#1016,Fezandipiti,キチキギス,Kichikigisu
#1017,Ogerpon,オーガポン,Ōgapon
#1018,Archaludon,ブリジュラス,Burijurasu
#1019,Hydrapple,カミツオロチ,Kamitsuorochi
#1020,Gouging Fire,ウガツホムラ,Ugatsuhomura
#1021,Raging Bolt,タケルライコ,Takeruraiko
#1022,Iron Boulder,テツノイワオ,Tetsunoiwao
#1023,Iron Crown,テツノカシラ,Tetsunokashira
#1024,Terapagos,テラパゴス,Terapagosu
#1025,Pecharunt,モモワロウ,Momowarou